{
  "overall": {
    "functions": 69.37,
    "lines": 73.1
  },
  "security": {
    "functions": 99.51666666666667,
    "lines": 93.23666666666665
  },
  "validation": {
    "functions": 100,
    "lines": 100
  },
  "timestamp": "2025-12-02T01:24:08.000Z"
}
