{
  "overall": {
    "functions": 99.36,
    "lines": 96.86
  },
  "security": {
    "functions": 99.10714285714286,
    "lines": 93.89857142857143
  },
  "validation": {
    "functions": 100,
    "lines": 100
  },
  "timestamp": "2025-11-26T00:22:12.444Z"
}