{
  "overall": {
    "functions": 99.51,
    "lines": 96.74
  },
  "security": {
    "functions": 99.37857142857142,
    "lines": 93.64142857142856
  },
  "validation": {
    "functions": 100,
    "lines": 100
  },
  "timestamp": "2025-11-26T00:22:12.444Z"
}
