{
  "overall": {
    "functions": 99.59,
    "lines": 97.31
  },
  "security": {
    "functions": 99.45625,
    "lines": 94.43624999999999
  },
  "validation": {
    "functions": 100,
    "lines": 100
  },
  "timestamp": "2025-11-26T10:38:07.626Z"
}